{"qubit_count": 15, "circuit_depth": 15, "circuit_width": 15, "retention_lifespan": 2.70805020110221, "gate_density": 0.8311111111111111, "dual_gate_count": 28, "measurement_density": 0.36107336014696134, "size_factor": 5.231108616854587, "gate_count": 159, "entanglement_variance": 0.1380715528006213}