{"qubit_count": 30, "circuit_depth": 15, "circuit_width": 30, "retention_lifespan": 2.70805020110221, "gate_density": 0.8488888888888889, "dual_gate_count": 58, "measurement_density": 0.20364158609214553, "size_factor": 5.945420608606575, "gate_count": 324, "entanglement_variance": 0.07120456284521272}