{"qubit_count": 5, "circuit_depth": 15, "circuit_width": 5, "retention_lifespan": 2.70805020110221, "gate_density": 0.76, "dual_gate_count": 8, "measurement_density": 0.863497622707262, "size_factor": 4.04305126783455, "gate_count": 49, "entanglement_variance": 0.35157158351047474}