{"qubit_count": 5, "circuit_depth": 5, "circuit_width": 5, "retention_lifespan": 1.6094379124341003, "gate_density": 0.36, "dual_gate_count": 4, "measurement_density": 0.6437751649736401, "size_factor": 2.1972245773362196, "gate_count": 5, "entanglement_variance": 0.15769147207285406}