{"qubit_count": 25, "circuit_depth": 25, "circuit_width": 25, "retention_lifespan": 3.2188758248682006, "gate_density": 0.0784, "dual_gate_count": 24, "measurement_density": 0.257510065989456, "size_factor": 3.8918202981106265, "gate_count": 25, "entanglement_variance": 0.04175216208692457}