{"qubit_count": 51, "circuit_depth": 27, "circuit_width": 51, "retention_lifespan": 6.056784013228625, "gate_density": 0.05175184828029573, "dual_gate_count": 200, "measurement_density": 9.98860964595295, "size_factor": 7.190676034332207, "gate_count": 927, "entanglement_variance": 0.2062094992933416}