{"qubit_count": 9, "circuit_depth": 6, "circuit_width": 9, "retention_lifespan": 4.248495242049359, "gate_density": 0.28888888888888886, "dual_gate_count": 32, "measurement_density": 6.4457198193855785, "size_factor": 5.365976015021851, "gate_count": 150, "entanglement_variance": 0.7156213396004174}