{"qubit_count": 29, "circuit_depth": 16, "circuit_width": 29, "retention_lifespan": 5.480638923341991, "gate_density": 0.09080459770114943, "dual_gate_count": 112, "measurement_density": 8.847934753328465, "size_factor": 6.612041034833092, "gate_count": 520, "entanglement_variance": 0.32049543804917435}