{"qubit_count": 10, "circuit_depth": 23, "circuit_width": 10, "retention_lifespan": 4.90527477843843, "gate_density": 0.26, "dual_gate_count": 65, "measurement_density": 0.7207859871432476, "size_factor": 5.988961416889864, "gate_count": 286, "entanglement_variance": 0.6936342735834049}