{"qubit_count": 19, "circuit_depth": 44, "circuit_width": 19, "retention_lifespan": 5.5909869805108565, "gate_density": 0.13766692851531814, "dual_gate_count": 130, "measurement_density": 0.4492329452461736, "size_factor": 6.680854678790215, "gate_count": 571, "entanglement_variance": 0.3938471788055158}