{"qubit_count": 28, "circuit_depth": 65, "circuit_width": 28, "retention_lifespan": 5.993961427306569, "gate_density": 0.09360527253295334, "dual_gate_count": 195, "measurement_density": 0.33307735491006335, "size_factor": 7.085901464365611, "gate_count": 856, "entanglement_variance": 0.2796499455053923}