{"qubit_count": 30, "circuit_depth": 30, "circuit_width": 30, "retention_lifespan": 3.4011973816621555, "gate_density": 0.06555555555555556, "dual_gate_count": 29, "measurement_density": 0.22674649211081035, "size_factor": 4.07753744390572, "gate_count": 30, "entanglement_variance": 0.03510499715304509}