{"qubit_count": 15, "circuit_depth": 15, "circuit_width": 15, "retention_lifespan": 2.70805020110221, "gate_density": 0.1288888888888889, "dual_gate_count": 14, "measurement_density": 0.36107336014696134, "size_factor": 3.367295829986474, "gate_count": 15, "entanglement_variance": 0.06703479104013985}