{"qubit_count": 35, "circuit_depth": 252, "circuit_width": 35, "retention_lifespan": 6.593044534142437, "gate_density": 0.5792563600782779, "dual_gate_count": 2448, "measurement_density": 0.28995407416091, "size_factor": 9.602382459752207, "gate_count": 12352, "entanglement_variance": 0.061288443197179236}