{"qubit_count": 3, "circuit_depth": 28, "circuit_width": 3, "retention_lifespan": 3.9512437185814275, "gate_density": 0.717948717948718, "dual_gate_count": 16, "measurement_density": 1.6832853357498456, "size_factor": 4.718498871295094, "gate_count": 96, "entanglement_variance": 0.4330943280434203}