{"qubit_count": 7, "circuit_depth": 56, "circuit_width": 7, "retention_lifespan": 4.955827057601261, "gate_density": 0.607645875251509, "dual_gate_count": 96, "measurement_density": 0.9859624580937963, "size_factor": 6.403574197934815, "gate_count": 508, "entanglement_variance": 0.27203392180782077}