{"qubit_count": 15, "circuit_depth": 112, "circuit_width": 15, "retention_lifespan": 5.736572297479192, "gate_density": 0.589247311827957, "dual_gate_count": 448, "measurement_density": 0.5629748332387602, "size_factor": 7.9157131993821155, "gate_count": 2292, "entanglement_variance": 0.1380715528006213}