{"qubit_count": 25, "circuit_depth": 14, "circuit_width": 25, "retention_lifespan": 2.6390573296152584, "gate_density": 0.2057142857142857, "dual_gate_count": 11, "measurement_density": 0.24408054810347746, "size_factor": 4.276666119016055, "gate_count": 61, "entanglement_variance": 0.1893214222794395}