{"qubit_count": 5, "circuit_depth": 5, "circuit_width": 5, "retention_lifespan": 1.6094379124341003, "gate_density": 0.56, "dual_gate_count": 2, "measurement_density": 0.8047189562170501, "size_factor": 2.6390573296152584, "gate_count": 12, "entanglement_variance": 0.26700021334646806}