{"qubit_count": 15, "circuit_depth": 11, "circuit_width": 15, "retention_lifespan": 2.3978952727983707, "gate_density": 0.2787878787878788, "dual_gate_count": 8, "measurement_density": 0.3647103909928986, "size_factor": 3.828641396489095, "gate_count": 38, "entanglement_variance": 0.2682773670243331}