{"qubit_count": 27, "circuit_depth": 78, "circuit_width": 27, "retention_lifespan": 4.867534450455582, "gate_density": 0.07435897435897436, "dual_gate_count": 52, "measurement_density": 0.30234708579481157, "size_factor": 5.564520407322694, "gate_count": 209, "entanglement_variance": 0.07885604264729905}