{"qubit_count": 5, "circuit_depth": 10, "circuit_width": 5, "retention_lifespan": 2.8903717578961645, "gate_density": 0.45555555555555555, "dual_gate_count": 8, "measurement_density": 0.899961934066053, "size_factor": 3.713572066704308, "gate_count": 33, "entanglement_variance": 0.35157158351047474}