{"qubit_count": 65, "circuit_depth": 685, "circuit_width": 65, "retention_lifespan": 7.0326242610280065, "gate_density": 0.03220856813089823, "dual_gate_count": 504, "measurement_density": 0.3502191103413639, "size_factor": 7.849323818040561, "gate_count": 1868, "entanglement_variance": 0.1592097131645056}