{"qubit_count": 15, "circuit_depth": 135, "circuit_width": 15, "retention_lifespan": 5.4510384535657, "gate_density": 0.14220314735336195, "dual_gate_count": 104, "measurement_density": 1.1655840935239872, "size_factor": 6.289715570908998, "gate_count": 393, "entanglement_variance": 0.4498338851004329}