{"qubit_count": 9, "circuit_depth": 69, "circuit_width": 9, "retention_lifespan": 4.8283137373023015, "gate_density": 0.24177777777777779, "dual_gate_count": 56, "measurement_density": 1.7563845786596302, "size_factor": 5.69035945432406, "gate_count": 216, "entanglement_variance": 0.5805721248500672}