{"qubit_count": 31, "circuit_depth": 311, "circuit_width": 31, "retention_lifespan": 6.255750041753367, "gate_density": 0.06792149092935422, "dual_gate_count": 232, "measurement_density": 0.6459824830825676, "size_factor": 7.079184394609668, "gate_count": 865, "entanglement_variance": 0.27893963258517934}