{"qubit_count": 5, "circuit_depth": 25, "circuit_width": 5, "retention_lifespan": 3.970291913552122, "gate_density": 0.46037735849056605, "dual_gate_count": 24, "measurement_density": 2.789864912993111, "size_factor": 4.897839799950911, "gate_count": 98, "entanglement_variance": 0.6789016787022718}