{"qubit_count": 9, "circuit_depth": 19, "circuit_width": 9, "retention_lifespan": 4.787491742782046, "gate_density": 0.2759259259259259, "dual_gate_count": 56, "measurement_density": 0.7760795911242517, "size_factor": 5.799092654460526, "gate_count": 242, "entanglement_variance": 0.7362692635394537}