{"qubit_count": 5, "circuit_depth": 11, "circuit_width": 5, "retention_lifespan": 4.04305126783455, "gate_density": 0.4631578947368421, "dual_gate_count": 24, "measurement_density": 1.13049783605373, "size_factor": 4.997212273764115, "gate_count": 108, "entanglement_variance": 0.9719624808723344}