{"qubit_count": 31, "circuit_depth": 52, "circuit_width": 31, "retention_lifespan": 6.059123195581797, "gate_density": 0.09127223394633704, "dual_gate_count": 232, "measurement_density": 0.3062293677440949, "size_factor": 7.193685818395112, "gate_count": 979, "entanglement_variance": 0.30513067919450454}