{"qubit_count": 15, "circuit_depth": 28, "circuit_width": 15, "retention_lifespan": 5.318119993844216, "gate_density": 0.17875816993464053, "dual_gate_count": 104, "measurement_density": 0.5350780129964284, "size_factor": 6.401917196727186, "gate_count": 443, "entanglement_variance": 0.5226525411869933}