{"qubit_count": 30, "circuit_depth": 201, "circuit_width": 30, "retention_lifespan": 7.48605261786314, "gate_density": 0.12310712282669659, "dual_gate_count": 1104, "measurement_density": 1.8145416665875491, "size_factor": 8.93022956502072, "gate_count": 5481, "entanglement_variance": 0.40232453931687107}