{"qubit_count": 20, "circuit_depth": 87, "circuit_width": 20, "retention_lifespan": 6.668228248417403, "gate_density": 0.17579415501905973, "dual_gate_count": 464, "measurement_density": 2.4159901304928484, "size_factor": 8.063062911326792, "gate_count": 2303, "entanglement_variance": 0.5369147436377156}