{"qubit_count": 27, "circuit_depth": 735, "circuit_width": 27, "retention_lifespan": 9.056606272034141, "gate_density": 0.10234315948601663, "dual_gate_count": 3816, "measurement_density": 0.6501285862125511, "size_factor": 10.205627110076836, "gate_count": 19879, "entanglement_variance": 0.5423356088177186}