{"qubit_count": 15, "circuit_depth": 117, "circuit_width": 15, "retention_lifespan": 7.025538314638521, "gate_density": 0.18186666666666668, "dual_gate_count": 496, "measurement_density": 0.8848716832491573, "size_factor": 8.160803920954665, "gate_count": 2573, "entanglement_variance": 0.7474704854038747}