{"qubit_count": 45, "circuit_depth": 9405, "circuit_width": 45, "retention_lifespan": 11.704578349193067, "gate_density": 0.0617516339869281, "dual_gate_count": 54151, "measurement_density": 0.5003626077084964, "size_factor": 12.859608036476406, "gate_count": 282434, "entanglement_variance": 0.43102686940090734}