{"qubit_count": 25, "circuit_depth": 73, "circuit_width": 25, "retention_lifespan": 5.645446897643238, "gate_density": 0.1137809187279152, "dual_gate_count": 184, "measurement_density": 4.432161361255719, "size_factor": 6.690842277418564, "gate_count": 621, "entanglement_variance": 0.3065182658910942}