{"qubit_count": 15, "circuit_depth": 43, "circuit_width": 15, "retention_lifespan": 5.093750200806762, "gate_density": 0.18609406952965235, "dual_gate_count": 104, "measurement_density": 3.9009002009544864, "size_factor": 6.12029741895095, "gate_count": 351, "entanglement_variance": 0.3887400105110713}