{"qubit_count": 5, "circuit_depth": 13, "circuit_width": 5, "retention_lifespan": 3.7612001156935624, "gate_density": 0.4883720930232558, "dual_gate_count": 24, "measurement_density": 2.6853190140638312, "size_factor": 4.653960350157523, "gate_count": 81, "entanglement_variance": 0.7577449578167305}