{"qubit_count": 9, "circuit_depth": 25, "circuit_width": 9, "retention_lifespan": 4.51085950651685, "gate_density": 0.29914529914529914, "dual_gate_count": 56, "measurement_density": 3.354042041926535, "size_factor": 5.501258210544727, "gate_count": 189, "entanglement_variance": 0.21968474361771306}