{"qubit_count": 21, "circuit_depth": 25, "circuit_width": 21, "retention_lifespan": 3.2188758248682006, "gate_density": 0.1980952380952381, "dual_gate_count": 21, "measurement_density": 0.29825706012341063, "size_factor": 4.6443908991413725, "gate_count": 83, "entanglement_variance": 0.2829904464346048}