{"qubit_count": 11, "circuit_depth": 15, "circuit_width": 11, "retention_lifespan": 2.70805020110221, "gate_density": 0.32727272727272727, "dual_gate_count": 11, "measurement_density": 0.4641768612636891, "size_factor": 3.9889840465642745, "gate_count": 43, "entanglement_variance": 0.41007813695607725}