{"qubit_count": 31, "circuit_depth": 35, "circuit_width": 31, "retention_lifespan": 3.5553480614894135, "gate_density": 0.14193548387096774, "dual_gate_count": 31, "measurement_density": 0.22546242793466323, "size_factor": 5.0369526024136295, "gate_count": 123, "entanglement_variance": 0.21837554764040332}