{"qubit_count": 66, "circuit_depth": 70, "circuit_width": 66, "retention_lifespan": 4.248495242049359, "gate_density": 0.07121212121212121, "dual_gate_count": 66, "measurement_density": 0.12785075733448156, "size_factor": 5.796057750765372, "gate_count": 263, "entanglement_variance": 0.12626531377246883}