{"qubit_count": 31, "circuit_depth": 184, "circuit_width": 31, "retention_lifespan": 5.214935757608986, "gate_density": 0.07433380084151472, "dual_gate_count": 120, "measurement_density": 0.2789975149062623, "size_factor": 6.049733455231958, "gate_count": 304, "entanglement_variance": 0.11070657646446101}