{"qubit_count": 65, "circuit_depth": 388, "circuit_width": 65, "retention_lifespan": 5.961005339623274, "gate_density": 0.035685963521015066, "dual_gate_count": 256, "measurement_density": 0.1559291170695217, "size_factor": 6.802394763324311, "gate_count": 644, "entanglement_variance": 0.05332640856150764}