{"qubit_count": 3, "circuit_depth": 16, "circuit_width": 3, "retention_lifespan": 2.772588722239781, "gate_density": 0.6666666666666666, "dual_gate_count": 8, "measurement_density": 1.2904003369692971, "size_factor": 3.4657359027997265, "gate_count": 24, "entanglement_variance": 0.818911924273768}