{"qubit_count": 9, "circuit_depth": 52, "circuit_width": 9, "retention_lifespan": 3.9512437185814275, "gate_density": 0.24786324786324787, "dual_gate_count": 32, "measurement_density": 0.6831631439908497, "size_factor": 4.7535901911063645, "gate_count": 84, "entanglement_variance": 0.361534875136609}