{"qubit_count": 7, "circuit_depth": 40, "circuit_width": 7, "retention_lifespan": 3.6888794541139363, "gate_density": 0.3142857142857143, "dual_gate_count": 24, "measurement_density": 0.8049699433098928, "size_factor": 4.477336814478207, "gate_count": 64, "entanglement_variance": 0.4531548090516346}