{"qubit_count": 15, "circuit_depth": 421, "circuit_width": 15, "retention_lifespan": 6.042632833682381, "gate_density": 0.1187648456057007, "dual_gate_count": 210, "measurement_density": 0.5833788689856394, "size_factor": 6.620073206530356, "gate_count": 540, "entanglement_variance": 0.0}