{"qubit_count": 30, "circuit_depth": 1741, "circuit_width": 30, "retention_lifespan": 7.462214939768189, "gate_density": 0.05887421022400919, "dual_gate_count": 870, "measurement_density": 0.36211374404767815, "size_factor": 8.031060180240619, "gate_count": 2205, "entanglement_variance": 0.0}