{"qubit_count": 10, "circuit_depth": 181, "circuit_width": 10, "retention_lifespan": 5.198497031265826, "gate_density": 0.17955801104972377, "dual_gate_count": 90, "measurement_density": 0.7501082124259871, "size_factor": 5.783825182329737, "gate_count": 235, "entanglement_variance": 0.0}