{"qubit_count": 5, "circuit_depth": 41, "circuit_width": 5, "retention_lifespan": 3.713572066704308, "gate_density": 0.36585365853658536, "dual_gate_count": 20, "measurement_density": 1.0646019958276818, "size_factor": 4.31748811353631, "gate_count": 55, "entanglement_variance": 0.0}