{"qubit_count": 25, "circuit_depth": 14, "circuit_width": 25, "retention_lifespan": 5.327876168789581, "gate_density": 0.10524271844660193, "dual_gate_count": 96, "measurement_density": 8.546751993657782, "size_factor": 6.45833828334479, "gate_count": 446, "entanglement_variance": 0.3584950529957958}