{"qubit_count": 7, "circuit_depth": 5, "circuit_width": 7, "retention_lifespan": 3.970291913552122, "gate_density": 0.3692722371967655, "dual_gate_count": 24, "measurement_density": 5.916202062607435, "size_factor": 5.081404364984463, "gate_count": 113, "entanglement_variance": 0.8161127727447122}