{"qubit_count": 15, "circuit_depth": 9, "circuit_width": 15, "retention_lifespan": 4.795790545596741, "gate_density": 0.1746556473829201, "dual_gate_count": 56, "measurement_density": 7.503840746698951, "size_factor": 5.921578419643816, "gate_count": 261, "entanglement_variance": 0.5177743079056434}