{"qubit_count": 5, "circuit_depth": 4, "circuit_width": 5, "retention_lifespan": 3.58351893845611, "gate_density": 0.5111111111111111, "dual_gate_count": 16, "measurement_density": 5.19295685089021, "size_factor": 4.68213122712422, "gate_count": 76, "entanglement_variance": 0.9277209924148657}