{"qubit_count": 41, "circuit_depth": 22, "circuit_width": 41, "retention_lifespan": 5.834810737062605, "gate_density": 0.06432748538011696, "dual_gate_count": 160, "measurement_density": 9.548382803766913, "size_factor": 6.967909201801884, "gate_count": 742, "entanglement_variance": 0.24513257807915922}