{"qubit_count": 11, "circuit_depth": 7, "circuit_width": 11, "retention_lifespan": 4.465908118654584, "gate_density": 0.23719958202716823, "dual_gate_count": 40, "measurement_density": 6.863803391452954, "size_factor": 5.58724865840025, "gate_count": 187, "entanglement_variance": 0.6347520234900071}